,layer,time,day,year,heat,temp,area
1,1,6,1,2017,0,11.2991049,khulna
2,2,6,1,2017,0,11.2991049,khulna
3,3,6,1,2017,0,11.2991049,khulna
